Species,K,r,q
Yellowfin_tuna,2000000,0.35,0.000008
Mahi_Mahi,800000,1.2,0.000015
Opakapaka,300000,0.18,0.000025
Peacock_grouper,250000,0.25,0.00003
Yellowfin_goatfish,400000,0.65,0.00002
